follow4follow,follow
like4like,follow
instafollow,follow
followme,follow
followforfollow,follow
followback,follow
follow,follow
f4f,follow
followher,follow
followhim,follow
pleasefollow,follow
teamfollowback,follow
sexy,photographer
model,model
portraitpage,photographer
top_portrait,photographer
infinite_faces,photographer
TagsForLikes,follow
like4like,follow
blogger,model
life,model
malemodel,model
femalemodel,model
modeling,model
models,model
malefashion,model
womanfashion,model
hot,model
sensual,model
shoot,model
celeb,model
modelshoot,model
suicide_girls,suicide_girls
trending,trending
blogger,blogger
travels,blogger
sexy,sexy